Workbook

Sheet Schedule_G2
A1: Entregável Grupo 1 → Grupo 2: schedule de ocupação, met e clo por zona (R1–R6) e faixa horária
A2: met: ASHRAE 55 Tab. 5-1 (atividade). clo: Iclo = Σ peças (ASHRAE 55 Tab. 5-2) + roupa íntima 0,04. Valores = média dos respondentes da zona/faixa, em 4 dias de coleta (28/09 a 01/10/2026).
A5: Zona | B5: Faixa horária | C5: Janela real das respostas | D5: Respondentes (n) | E5: Ocupantes (contagem real) | F5: met | G5: Iclo (clo) | H5: Origem do valor
A6: R1 | B6: Manhã (10h) | C6: 10:32–10:49 | D6: =COUNTIFS(Param_Respondentes!$C$4:$C$43,B6,Param_Respondentes!$D$4:$D$43,A6) -> 0 | F6: =ROUND(IF(D6>0,AVERAGEIFS(Param_Respondentes!$E$4:$E$43,Param_Respondentes!$C$4:$C$43,B6,Param_Respondentes!$D$4:$D$43,A6),AVERAGEIFS(Param_Respondentes!$E$4:$E$43,Param_Respondentes!$C$4:$C$43,B6)),2) -> 1.04 | G6: =ROUND(IF(D6>0,AVERAGEIFS(Param_Respondentes!$F$4:$F$43,Param_Respondentes!$C$4:$C$43,B6,Param_Respondentes!$D$4:$D$43,A6),AVERAGEIFS(Param_Respondentes!$F$4:$F$43,Param_Respondentes!$C$4:$C$43,B6)),2) -> 0.43 | H6: =IF(D6=0,"SEM RESPONDENTES – média da faixa",IF(D6<3,"Questionário (n baixo, <3)","Questionário")) -> SEM RESPONDENTES – média da faixa
A7: R2 | B7: Manhã (10h) | C7: 10:32–10:49 | D7: =COUNTIFS(Param_Respondentes!$C$4:$C$43,B7,Param_Respondentes!$D$4:$D$43,A7) -> 2 | F7: =ROUND(IF(D7>0,AVERAGEIFS(Param_Respondentes!$E$4:$E$43,Param_Respondentes!$C$4:$C$43,B7,Param_Respondentes!$D$4:$D$43,A7),AVERAGEIFS(Param_Respondentes!$E$4:$E$43,Param_Respondentes!$C$4:$C$43,B7)),2) -> 1.05 | G7: =ROUND(IF(D7>0,AVERAGEIFS(Param_Respondentes!$F$4:$F$43,Param_Respondentes!$C$4:$C$43,B7,Param_Respondentes!$D$4:$D$43,A7),AVERAGEIFS(Param_Respondentes!$F$4:$F$43,Param_Respondentes!$C$4:$C$43,B7)),2) -> 0.42 | H7: =IF(D7=0,"SEM RESPONDENTES – média da faixa",IF(D7<3,"Questionário (n baixo, <3)","Questionário")) -> Questionário (n baixo, <3)
A8: R3 | B8: Manhã (10h) | C8: 10:32–10:49 | D8: =COUNTIFS(Param_Respondentes!$C$4:$C$43,B8,Param_Respondentes!$D$4:$D$43,A8) -> 0 | F8: =ROUND(IF(D8>0,AVERAGEIFS(Param_Respondentes!$E$4:$E$43,Param_Respondentes!$C$4:$C$43,B8,Param_Respondentes!$D$4:$D$43,A8),AVERAGEIFS(Param_Respondentes!$E$4:$E$43,Param_Respondentes!$C$4:$C$43,B8)),2) -> 1.04 | G8: =ROUND(IF(D8>0,AVERAGEIFS(Param_Respondentes!$F$4:$F$43,Param_Respondentes!$C$4:$C$43,B8,Param_Respondentes!$D$4:$D$43,A8),AVERAGEIFS(Param_Respondentes!$F$4:$F$43,Param_Respondentes!$C$4:$C$43,B8)),2) -> 0.43 | H8: =IF(D8=0,"SEM RESPONDENTES – média da faixa",IF(D8<3,"Questionário (n baixo, <3)","Questionário")) -> SEM RESPONDENTES – média da faixa
A9: R4 | B9: Manhã (10h) | C9: 10:32–10:49 | D9: =COUNTIFS(Param_Respondentes!$C$4:$C$43,B9,Param_Respondentes!$D$4:$D$43,A9) -> 0 | F9: =ROUND(IF(D9>0,AVERAGEIFS(Param_Respondentes!$E$4:$E$43,Param_Respondentes!$C$4:$C$43,B9,Param_Respondentes!$D$4:$D$43,A9),AVERAGEIFS(Param_Respondentes!$E$4:$E$43,Param_Respondentes!$C$4:$C$43,B9)),2) -> 1.04 | G9: =ROUND(IF(D9>0,AVERAGEIFS(Param_Respondentes!$F$4:$F$43,Param_Respondentes!$C$4:$C$43,B9,Param_Respondentes!$D$4:$D$43,A9),AVERAGEIFS(Param_Respondentes!$F$4:$F$43,Param_Respondentes!$C$4:$C$43,B9)),2) -> 0.43 | H9: =IF(D9=0,"SEM RESPONDENTES – média da faixa",IF(D9<3,"Questionário (n baixo, <3)","Questionário")) -> SEM RESPONDENTES – média da faixa
A10: R5 | B10: Manhã (10h) | C10: 10:32–10:49 | D10: =COUNTIFS(Param_Respondentes!$C$4:$C$43,B10,Param_Respondentes!$D$4:$D$43,A10) -> 4 | F10: =ROUND(IF(D10>0,AVERAGEIFS(Param_Respondentes!$E$4:$E$43,Param_Respondentes!$C$4:$C$43,B10,Param_Respondentes!$D$4:$D$43,A10),AVERAGEIFS(Param_Respondentes!$E$4:$E$43,Param_Respondentes!$C$4:$C$43,B10)),2) -> 1.03 | G10: =ROUND(IF(D10>0,AVERAGEIFS(Param_Respondentes!$F$4:$F$43,Param_Respondentes!$C$4:$C$43,B10,Param_Respondentes!$D$4:$D$43,A10),AVERAGEIFS(Param_Respondentes!$F$4:$F$43,Param_Respondentes!$C$4:$C$43,B10)),2) -> 0.44 | H10: =IF(D10=0,"SEM RESPONDENTES – média da faixa",IF(D10<3,"Questionário (n baixo, <3)","Questionário")) -> Questionário
A11: R6 | B11: Manhã (10h) | C11: 10:32–10:49 | D11: =COUNTIFS(Param_Respondentes!$C$4:$C$43,B11,Param_Respondentes!$D$4:$D$43,A11) -> 2 | F11: =ROUND(IF(D11>0,AVERAGEIFS(Param_Respondentes!$E$4:$E$43,Param_Respondentes!$C$4:$C$43,B11,Param_Respondentes!$D$4:$D$43,A11),AVERAGEIFS(Param_Respondentes!$E$4:$E$43,Param_Respondentes!$C$4:$C$43,B11)),2) -> 1.05 | G11: =ROUND(IF(D11>0,AVERAGEIFS(Param_Respondentes!$F$4:$F$43,Param_Respondentes!$C$4:$C$43,B11,Param_Respondentes!$D$4:$D$43,A11),AVERAGEIFS(Param_Respondentes!$F$4:$F$43,Param_Respondentes!$C$4:$C$43,B11)),2) -> 0.41 | H11: =IF(D11=0,"SEM RESPONDENTES – média da faixa",IF(D11<3,"Questionário (n baixo, <3)","Questionário")) -> Questionário (n baixo, <3)
A12: R1 | B12: Tarde 1 (13:30) | C12: 14:21–15:18 | D12: =COUNTIFS(Param_Respondentes!$C$4:$C$43,B12,Param_Respondentes!$D$4:$D$43,A12) -> 0 | F12: =ROUND(IF(D12>0,AVERAGEIFS(Param_Respondentes!$E$4:$E$43,Param_Respondentes!$C$4:$C$43,B12,Param_Respondentes!$D$4:$D$43,A12),AVERAGEIFS(Param_Respondentes!$E$4:$E$43,Param_Respondentes!$C$4:$C$43,B12)),2) -> 1.07 | G12: =ROUND(IF(D12>0,AVERAGEIFS(Param_Respondentes!$F$4:$F$43,Param_Respondentes!$C$4:$C$43,B12,Param_Respondentes!$D$4:$D$43,A12),AVERAGEIFS(Param_Respondentes!$F$4:$F$43,Param_Respondentes!$C$4:$C$43,B12)),2) -> 0.46 | H12: =IF(D12=0,"SEM RESPONDENTES – média da faixa",IF(D12<3,"Questionário (n baixo, <3)","Questionário")) -> SEM RESPONDENTES – média da faixa
A13: R2 | B13: Tarde 1 (13:30) | C13: 14:21–15:18 | D13: =COUNTIFS(Param_Respondentes!$C$4:$C$43,B13,Param_Respondentes!$D$4:$D$43,A13) -> 0 | F13: =ROUND(IF(D13>0,AVERAGEIFS(Param_Respondentes!$E$4:$E$43,Param_Respondentes!$C$4:$C$43,B13,Param_Respondentes!$D$4:$D$43,A13),AVERAGEIFS(Param_Respondentes!$E$4:$E$43,Param_Respondentes!$C$4:$C$43,B13)),2) -> 1.07 | G13: =ROUND(IF(D13>0,AVERAGEIFS(Param_Respondentes!$F$4:$F$43,Param_Respondentes!$C$4:$C$43,B13,Param_Respondentes!$D$4:$D$43,A13),AVERAGEIFS(Param_Respondentes!$F$4:$F$43,Param_Respondentes!$C$4:$C$43,B13)),2) -> 0.46 | H13: =IF(D13=0,"SEM RESPONDENTES – média da faixa",IF(D13<3,"Questionário (n baixo, <3)","Questionário")) -> SEM RESPONDENTES – média da faixa
A14: R3 | B14: Tarde 1 (13:30) | C14: 14:21–15:18 | D14: =COUNTIFS(Param_Respondentes!$C$4:$C$43,B14,Param_Respondentes!$D$4:$D$43,A14) -> 0 | F14: =ROUND(IF(D14>0,AVERAGEIFS(Param_Respondentes!$E$4:$E$43,Param_Respondentes!$C$4:$C$43,B14,Param_Respondentes!$D$4:$D$43,A14),AVERAGEIFS(Param_Respondentes!$E$4:$E$43,Param_Respondentes!$C$4:$C$43,B14)),2) -> 1.07 | G14: =ROUND(IF(D14>0,AVERAGEIFS(Param_Respondentes!$F$4:$F$43,Param_Respondentes!$C$4:$C$43,B14,Param_Respondentes!$D$4:$D$43,A14),AVERAGEIFS(Param_Respondentes!$F$4:$F$43,Param_Respondentes!$C$4:$C$43,B14)),2) -> 0.46 | H14: =IF(D14=0,"SEM RESPONDENTES – média da faixa",IF(D14<3,"Questionário (n baixo, <3)","Questionário")) -> SEM RESPONDENTES – média da faixa
A15: R4 | B15: Tarde 1 (13:30) | C15: 14:21–15:18 | D15: =COUNTIFS(Param_Respondentes!$C$4:$C$43,B15,Param_Respondentes!$D$4:$D$43,A15) -> 0 | F15: =ROUND(IF(D15>0,AVERAGEIFS(Param_Respondentes!$E$4:$E$43,Param_Respondentes!$C$4:$C$43,B15,Param_Respondentes!$D$4:$D$43,A15),AVERAGEIFS(Param_Respondentes!$E$4:$E$43,Param_Respondentes!$C$4:$C$43,B15)),2) -> 1.07 | G15: =ROUND(IF(D15>0,AVERAGEIFS(Param_Respondentes!$F$4:$F$43,Param_Respondentes!$C$4:$C$43,B15,Param_Respondentes!$D$4:$D$43,A15),AVERAGEIFS(Param_Respondentes!$F$4:$F$43,Param_Respondentes!$C$4:$C$43,B15)),2) -> 0.46 | H15: =IF(D15=0,"SEM RESPONDENTES – média da faixa",IF(D15<3,"Questionário (n baixo, <3)","Questionário")) -> SEM RESPONDENTES – média da faixa
A16: R5 | B16: Tarde 1 (13:30) | C16: 14:21–15:18 | D16: =COUNTIFS(Param_Respondentes!$C$4:$C$43,B16,Param_Respondentes!$D$4:$D$43,A16) -> 7 | F16: =ROUND(IF(D16>0,AVERAGEIFS(Param_Respondentes!$E$4:$E$43,Param_Respondentes!$C$4:$C$43,B16,Param_Respondentes!$D$4:$D$43,A16),AVERAGEIFS(Param_Respondentes!$E$4:$E$43,Param_Respondentes!$C$4:$C$43,B16)),2) -> 1.04 | G16: =ROUND(IF(D16>0,AVERAGEIFS(Param_Respondentes!$F$4:$F$43,Param_Respondentes!$C$4:$C$43,B16,Param_Respondentes!$D$4:$D$43,A16),AVERAGEIFS(Param_Respondentes!$F$4:$F$43,Param_Respondentes!$C$4:$C$43,B16)),2) -> 0.44 | H16: =IF(D16=0,"SEM RESPONDENTES – média da faixa",IF(D16<3,"Questionário (n baixo, <3)","Questionário")) -> Questionário
A17: R6 | B17: Tarde 1 (13:30) | C17: 14:21–15:18 | D17: =COUNTIFS(Param_Respondentes!$C$4:$C$43,B17,Param_Respondentes!$D$4:$D$43,A17) -> 4 | F17: =ROUND(IF(D17>0,AVERAGEIFS(Param_Respondentes!$E$4:$E$43,Param_Respondentes!$C$4:$C$43,B17,Param_Respondentes!$D$4:$D$43,A17),AVERAGEIFS(Param_Respondentes!$E$4:$E$43,Param_Respondentes!$C$4:$C$43,B17)),2) -> 1.13 | G17: =ROUND(IF(D17>0,AVERAGEIFS(Param_Respondentes!$F$4:$F$43,Param_Respondentes!$C$4:$C$43,B17,Param_Respondentes!$D$4:$D$43,A17),AVERAGEIFS(Param_Respondentes!$F$4:$F$43,Param_Respondentes!$C$4:$C$43,B17)),2) -> 0.51 | H17: =IF(D17=0,"SEM RESPONDENTES – média da faixa",IF(D17<3,"Questionário (n baixo, <3)","Questionário")) -> Questionário
... A23: R6 | B23: Tarde 2 (15:30) | C23: 15:41–16:55 | D23: =COUNTIFS(Param_Respondentes!$C$4:$C$43,B23,Param_Respondentes!$D$4:$D$43,A23) -> 1 | F23: =ROUND(IF(D23>0,AVERAGEIFS(Param_Respondentes!$E$4:$E$43,Param_Respondentes!$C$4:$C$43,B23,Param_Respondentes!$D$4:$D$43,A23),AVERAGEIFS(Param_Respondentes!$E$4:$E$43,Param_Respondentes!$C$4:$C$43,B23)),2) -> 1 | G23: =ROUND(IF(D23>0,AVERAGEIFS(Param_Respondentes!$F$4:$F$43,Param_Respondentes!$C$4:$C$43,B23,Param_Respondentes!$D$4:$D$43,A23),AVERAGEIFS(Param_Respondentes!$F$4:$F$43,Param_Respondentes!$C$4:$C$43,B23)),2) -> 0.49 | H23: =IF(D23=0,"SEM RESPONDENTES – média da faixa",IF(D23<3,"Questionário (n baixo, <3)","Questionário")) -> Questionário (n baixo, <3)
A25: Valores globais (40 respondentes)
A26: met médio | F26: =ROUND(AVERAGE(Param_Respondentes!$E$4:$E$43),2) -> 1.05
A27: Iclo médio | F27: =ROUND(AVERAGE(Param_Respondentes!$F$4:$F$43),2) -> 0.48

Sheet Percepcao
A1: Percepção térmica por zona e faixa (escala de 7 pontos da ASHRAE 55) — insumo para validação do ePMV
A2: TSV: -3 muito frio … 0 neutro … +3 muito quente. "Dentro de ±1" = proporção de votos entre -1 e +1. Zonas sem respondentes ficam em branco.
A4: Zona | B4: Faixa horária | C4: n | D4: TSV médio | E4: % votos em -1…+1 | F4: % prefere mais frio | G4: % prefere mais quente | H4: Satisfação média (-3…+3)
A5: R1 | B5: Manhã (10h) | C5: =COUNTIFS(Param_Respondentes!$C$4:$C$43,B5,Param_Respondentes!$D$4:$D$43,A5) -> 0 | D5: =IF(C5=0,"",ROUND(AVERAGEIFS(Param_Respondentes!$G$4:$G$43,Param_Respondentes!$C$4:$C$43,B5,Param_Respondentes!$D$4:$D$43,A5),2)) | E5: =IF(C5=0,"",COUNTIFS(Param_Respondentes!$C$4:$C$43,B5,Param_Respondentes!$D$4:$D$43,A5,Param_Respondentes!$G$4:$G$43,">=-1",Param_Respondentes!$G$4:$G$43,"<=1")/C5) | F5: =IF(C5=0,"",COUNTIFS(Param_Respondentes!$C$4:$C$43,B5,Param_Respondentes!$D$4:$D$43,A5,Param_Respondentes!$I$4:$I$43,"Mais frio")/C5) | G5: =IF(C5=0,"",COUNTIFS(Param_Respondentes!$C$4:$C$43,B5,Param_Respondentes!$D$4:$D$43,A5,Param_Respondentes!$I$4:$I$43,"Mais quente")/C5) | H5: =IF(C5=0,"",ROUND(AVERAGEIFS(Param_Respondentes!$H$4:$H$43,Param_Respondentes!$C$4:$C$43,B5,Param_Respondentes!$D$4:$D$43,A5),2))
A6: R2 | B6: Manhã (10h) | C6: =COUNTIFS(Param_Respondentes!$C$4:$C$43,B6,Param_Respondentes!$D$4:$D$43,A6) -> 2 | D6: =IF(C6=0,"",ROUND(AVERAGEIFS(Param_Respondentes!$G$4:$G$43,Param_Respondentes!$C$4:$C$43,B6,Param_Respondentes!$D$4:$D$43,A6),2)) -> -0.5 | E6: =IF(C6=0,"",COUNTIFS(Param_Respondentes!$C$4:$C$43,B6,Param_Respondentes!$D$4:$D$43,A6,Param_Respondentes!$G$4:$G$43,">=-1",Param_Respondentes!$G$4:$G$43,"<=1")/C6) -> 1 | F6: =IF(C6=0,"",COUNTIFS(Param_Respondentes!$C$4:$C$43,B6,Param_Respondentes!$D$4:$D$43,A6,Param_Respondentes!$I$4:$I$43,"Mais frio")/C6) -> 1 | G6: =IF(C6=0,"",COUNTIFS(Param_Respondentes!$C$4:$C$43,B6,Param_Respondentes!$D$4:$D$43,A6,Param_Respondentes!$I$4:$I$43,"Mais quente")/C6) -> 0 | H6: =IF(C6=0,"",ROUND(AVERAGEIFS(Param_Respondentes!$H$4:$H$43,Param_Respondentes!$C$4:$C$43,B6,Param_Respondentes!$D$4:$D$43,A6),2)) -> -1
A7: R3 | B7: Manhã (10h) | C7: =COUNTIFS(Param_Respondentes!$C$4:$C$43,B7,Param_Respondentes!$D$4:$D$43,A7) -> 0 | D7: =IF(C7=0,"",ROUND(AVERAGEIFS(Param_Respondentes!$G$4:$G$43,Param_Respondentes!$C$4:$C$43,B7,Param_Respondentes!$D$4:$D$43,A7),2)) | E7: =IF(C7=0,"",COUNTIFS(Param_Respondentes!$C$4:$C$43,B7,Param_Respondentes!$D$4:$D$43,A7,Param_Respondentes!$G$4:$G$43,">=-1",Param_Respondentes!$G$4:$G$43,"<=1")/C7) | F7: =IF(C7=0,"",COUNTIFS(Param_Respondentes!$C$4:$C$43,B7,Param_Respondentes!$D$4:$D$43,A7,Param_Respondentes!$I$4:$I$43,"Mais frio")/C7) | G7: =IF(C7=0,"",COUNTIFS(Param_Respondentes!$C$4:$C$43,B7,Param_Respondentes!$D$4:$D$43,A7,Param_Respondentes!$I$4:$I$43,"Mais quente")/C7) | H7: =IF(C7=0,"",ROUND(AVERAGEIFS(Param_Respondentes!$H$4:$H$43,Param_Respondentes!$C$4:$C$43,B7,Param_Respondentes!$D$4:$D$43,A7),2))
A8: R4 | B8: Manhã (10h) | C8: =COUNTIFS(Param_Respondentes!$C$4:$C$43,B8,Param_Respondentes!$D$4:$D$43,A8) -> 0 | D8: =IF(C8=0,"",ROUND(AVERAGEIFS(Param_Respondentes!$G$4:$G$43,Param_Respondentes!$C$4:$C$43,B8,Param_Respondentes!$D$4:$D$43,A8),2)) | E8: =IF(C8=0,"",COUNTIFS(Param_Respondentes!$C$4:$C$43,B8,Param_Respondentes!$D$4:$D$43,A8,Param_Respondentes!$G$4:$G$43,">=-1",Param_Respondentes!$G$4:$G$43,"<=1")/C8) | F8: =IF(C8=0,"",COUNTIFS(Param_Respondentes!$C$4:$C$43,B8,Param_Respondentes!$D$4:$D$43,A8,Param_Respondentes!$I$4:$I$43,"Mais frio")/C8) | G8: =IF(C8=0,"",COUNTIFS(Param_Respondentes!$C$4:$C$43,B8,Param_Respondentes!$D$4:$D$43,A8,Param_Respondentes!$I$4:$I$43,"Mais quente")/C8) | H8: =IF(C8=0,"",ROUND(AVERAGEIFS(Param_Respondentes!$H$4:$H$43,Param_Respondentes!$C$4:$C$43,B8,Param_Respondentes!$D$4:$D$43,A8),2))
A9: R5 | B9: Manhã (10h) | C9: =COUNTIFS(Param_Respondentes!$C$4:$C$43,B9,Param_Respondentes!$D$4:$D$43,A9) -> 4 | D9: =IF(C9=0,"",ROUND(AVERAGEIFS(Param_Respondentes!$G$4:$G$43,Param_Respondentes!$C$4:$C$43,B9,Param_Respondentes!$D$4:$D$43,A9),2)) -> -0.75 | E9: =IF(C9=0,"",COUNTIFS(Param_Respondentes!$C$4:$C$43,B9,Param_Respondentes!$D$4:$D$43,A9,Param_Respondentes!$G$4:$G$43,">=-1",Param_Respondentes!$G$4:$G$43,"<=1")/C9) -> 1 | F9: =IF(C9=0,"",COUNTIFS(Param_Respondentes!$C$4:$C$43,B9,Param_Respondentes!$D$4:$D$43,A9,Param_Respondentes!$I$4:$I$43,"Mais frio")/C9) -> 0.5 | G9: =IF(C9=0,"",COUNTIFS(Param_Respondentes!$C$4:$C$43,B9,Param_Respondentes!$D$4:$D$43,A9,Param_Respondentes!$I$4:$I$43,"Mais quente")/C9) -> 0 | H9: =IF(C9=0,"",ROUND(AVERAGEIFS(Param_Respondentes!$H$4:$H$43,Param_Respondentes!$C$4:$C$43,B9,Param_Respondentes!$D$4:$D$43,A9),2)) -> 1.75
A10: R6 | B10: Manhã (10h) | C10: =COUNTIFS(Param_Respondentes!$C$4:$C$43,B10,Param_Respondentes!$D$4:$D$43,A10) -> 2 | D10: =IF(C10=0,"",ROUND(AVERAGEIFS(Param_Respondentes!$G$4:$G$43,Param_Respondentes!$C$4:$C$43,B10,Param_Respondentes!$D$4:$D$43,A10),2)) -> -1 | E10: =IF(C10=0,"",COUNTIFS(Param_Respondentes!$C$4:$C$43,B10,Param_Respondentes!$D$4:$D$43,A10,Param_Respondentes!$G$4:$G$43,">=-1",Param_Respondentes!$G$4:$G$43,"<=1")/C10) -> 1 | F10: =IF(C10=0,"",COUNTIFS(Param_Respondentes!$C$4:$C$43,B10,Param_Respondentes!$D$4:$D$43,A10,Param_Respondentes!$I$4:$I$43,"Mais frio")/C10) -> 0.5 | G10: =IF(C10=0,"",COUNTIFS(Param_Respondentes!$C$4:$C$43,B10,Param_Respondentes!$D$4:$D$43,A10,Param_Respondentes!$I$4:$I$43,"Mais quente")/C10) -> 0 | H10: =IF(C10=0,"",ROUND(AVERAGEIFS(Param_Respondentes!$H$4:$H$43,Param_Respondentes!$C$4:$C$43,B10,Param_Respondentes!$D$4:$D$43,A10),2)) -> 1
A11: R1 | B11: Tarde 1 (13:30) | C11: =COUNTIFS(Param_Respondentes!$C$4:$C$43,B11,Param_Respondentes!$D$4:$D$43,A11) -> 0 | D11: =IF(C11=0,"",ROUND(AVERAGEIFS(Param_Respondentes!$G$4:$G$43,Param_Respondentes!$C$4:$C$43,B11,Param_Respondentes!$D$4:$D$43,A11),2)) | E11: =IF(C11=0,"",COUNTIFS(Param_Respondentes!$C$4:$C$43,B11,Param_Respondentes!$D$4:$D$43,A11,Param_Respondentes!$G$4:$G$43,">=-1",Param_Respondentes!$G$4:$G$43,"<=1")/C11) | F11: =IF(C11=0,"",COUNTIFS(Param_Respondentes!$C$4:$C$43,B11,Param_Respondentes!$D$4:$D$43,A11,Param_Respondentes!$I$4:$I$43,"Mais frio")/C11) | G11: =IF(C11=0,"",COUNTIFS(Param_Respondentes!$C$4:$C$43,B11,Param_Respondentes!$D$4:$D$43,A11,Param_Respondentes!$I$4:$I$43,"Mais quente")/C11) | H11: =IF(C11=0,"",ROUND(AVERAGEIFS(Param_Respondentes!$H$4:$H$43,Param_Respondentes!$C$4:$C$43,B11,Param_Respondentes!$D$4:$D$43,A11),2))
A12: R2 | B12: Tarde 1 (13:30) | C12: =COUNTIFS(Param_Respondentes!$C$4:$C$43,B12,Param_Respondentes!$D$4:$D$43,A12) -> 0 | D12: =IF(C12=0,"",ROUND(AVERAGEIFS(Param_Respondentes!$G$4:$G$43,Param_Respondentes!$C$4:$C$43,B12,Param_Respondentes!$D$4:$D$43,A12),2)) | E12: =IF(C12=0,"",COUNTIFS(Param_Respondentes!$C$4:$C$43,B12,Param_Respondentes!$D$4:$D$43,A12,Param_Respondentes!$G$4:$G$43,">=-1",Param_Respondentes!$G$4:$G$43,"<=1")/C12) | F12: =IF(C12=0,"",COUNTIFS(Param_Respondentes!$C$4:$C$43,B12,Param_Respondentes!$D$4:$D$43,A12,Param_Respondentes!$I$4:$I$43,"Mais frio")/C12) | G12: =IF(C12=0,"",COUNTIFS(Param_Respondentes!$C$4:$C$43,B12,Param_Respondentes!$D$4:$D$43,A12,Param_Respondentes!$I$4:$I$43,"Mais quente")/C12) | H12: =IF(C12=0,"",ROUND(AVERAGEIFS(Param_Respondentes!$H$4:$H$43,Param_Respondentes!$C$4:$C$43,B12,Param_Respondentes!$D$4:$D$43,A12),2))
A13: R3 | B13: Tarde 1 (13:30) | C13: =COUNTIFS(Param_Respondentes!$C$4:$C$43,B13,Param_Respondentes!$D$4:$D$43,A13) -> 0 | D13: =IF(C13=0,"",ROUND(AVERAGEIFS(Param_Respondentes!$G$4:$G$43,Param_Respondentes!$C$4:$C$43,B13,Param_Respondentes!$D$4:$D$43,A13),2)) | E13: =IF(C13=0,"",COUNTIFS(Param_Respondentes!$C$4:$C$43,B13,Param_Respondentes!$D$4:$D$43,A13,Param_Respondentes!$G$4:$G$43,">=-1",Param_Respondentes!$G$4:$G$43,"<=1")/C13) | F13: =IF(C13=0,"",COUNTIFS(Param_Respondentes!$C$4:$C$43,B13,Param_Respondentes!$D$4:$D$43,A13,Param_Respondentes!$I$4:$I$43,"Mais frio")/C13) | G13: =IF(C13=0,"",COUNTIFS(Param_Respondentes!$C$4:$C$43,B13,Param_Respondentes!$D$4:$D$43,A13,Param_Respondentes!$I$4:$I$43,"Mais quente")/C13) | H13: =IF(C13=0,"",ROUND(AVERAGEIFS(Param_Respondentes!$H$4:$H$43,Param_Respondentes!$C$4:$C$43,B13,Param_Respondentes!$D$4:$D$43,A13),2))
A14: R4 | B14: Tarde 1 (13:30) | C14: =COUNTIFS(Param_Respondentes!$C$4:$C$43,B14,Param_Respondentes!$D$4:$D$43,A14) -> 0 | D14: =IF(C14=0,"",ROUND(AVERAGEIFS(Param_Respondentes!$G$4:$G$43,Param_Respondentes!$C$4:$C$43,B14,Param_Respondentes!$D$4:$D$43,A14),2)) | E14: =IF(C14=0,"",COUNTIFS(Param_Respondentes!$C$4:$C$43,B14,Param_Respondentes!$D$4:$D$43,A14,Param_Respondentes!$G$4:$G$43,">=-1",Param_Respondentes!$G$4:$G$43,"<=1")/C14) | F14: =IF(C14=0,"",COUNTIFS(Param_Respondentes!$C$4:$C$43,B14,Param_Respondentes!$D$4:$D$43,A14,Param_Respondentes!$I$4:$I$43,"Mais frio")/C14) | G14: =IF(C14=0,"",COUNTIFS(Param_Respondentes!$C$4:$C$43,B14,Param_Respondentes!$D$4:$D$43,A14,Param_Respondentes!$I$4:$I$43,"Mais quente")/C14) | H14: =IF(C14=0,"",ROUND(AVERAGEIFS(Param_Respondentes!$H$4:$H$43,Param_Respondentes!$C$4:$C$43,B14,Param_Respondentes!$D$4:$D$43,A14),2))
A15: R5 | B15: Tarde 1 (13:30) | C15: =COUNTIFS(Param_Respondentes!$C$4:$C$43,B15,Param_Respondentes!$D$4:$D$43,A15) -> 7 | D15: =IF(C15=0,"",ROUND(AVERAGEIFS(Param_Respondentes!$G$4:$G$43,Param_Respondentes!$C$4:$C$43,B15,Param_Respondentes!$D$4:$D$43,A15),2)) -> -1 | E15: =IF(C15=0,"",COUNTIFS(Param_Respondentes!$C$4:$C$43,B15,Param_Respondentes!$D$4:$D$43,A15,Param_Respondentes!$G$4:$G$43,">=-1",Param_Respondentes!$G$4:$G$43,"<=1")/C15) -> 0.85714286 | F15: =IF(C15=0,"",COUNTIFS(Param_Respondentes!$C$4:$C$43,B15,Param_Respondentes!$D$4:$D$43,A15,Param_Respondentes!$I$4:$I$43,"Mais frio")/C15) -> 0.28571429 | G15: =IF(C15=0,"",COUNTIFS(Param_Respondentes!$C$4:$C$43,B15,Param_Respondentes!$D$4:$D$43,A15,Param_Respondentes!$I$4:$I$43,"Mais quente")/C15) -> 0.14285714 | H15: =IF(C15=0,"",ROUND(AVERAGEIFS(Param_Respondentes!$H$4:$H$43,Param_Respondentes!$C$4:$C$43,B15,Param_Respondentes!$D$4:$D$43,A15),2)) -> 0.29
A16: R6 | B16: Tarde 1 (13:30) | C16: =COUNTIFS(Param_Respondentes!$C$4:$C$43,B16,Param_Respondentes!$D$4:$D$43,A16) -> 4 | D16: =IF(C16=0,"",ROUND(AVERAGEIFS(Param_Respondentes!$G$4:$G$43,Param_Respondentes!$C$4:$C$43,B16,Param_Respondentes!$D$4:$D$43,A16),2)) -> -0.75 | E16: =IF(C16=0,"",COUNTIFS(Param_Respondentes!$C$4:$C$43,B16,Param_Respondentes!$D$4:$D$43,A16,Param_Respondentes!$G$4:$G$43,">=-1",Param_Respondentes!$G$4:$G$43,"<=1")/C16) -> 1 | F16: =IF(C16=0,"",COUNTIFS(Param_Respondentes!$C$4:$C$43,B16,Param_Respondentes!$D$4:$D$43,A16,Param_Respondentes!$I$4:$I$43,"Mais frio")/C16) -> 0.5 | G16: =IF(C16=0,"",COUNTIFS(Param_Respondentes!$C$4:$C$43,B16,Param_Respondentes!$D$4:$D$43,A16,Param_Respondentes!$I$4:$I$43,"Mais quente")/C16) -> 0 | H16: =IF(C16=0,"",ROUND(AVERAGEIFS(Param_Respondentes!$H$4:$H$43,Param_Respondentes!$C$4:$C$43,B16,Param_Respondentes!$D$4:$D$43,A16),2)) -> 0.5
... A22: R6 | B22: Tarde 2 (15:30) | C22: =COUNTIFS(Param_Respondentes!$C$4:$C$43,B22,Param_Respondentes!$D$4:$D$43,A22) -> 1 | D22: =IF(C22=0,"",ROUND(AVERAGEIFS(Param_Respondentes!$G$4:$G$43,Param_Respondentes!$C$4:$C$43,B22,Param_Respondentes!$D$4:$D$43,A22),2)) -> -1 | E22: =IF(C22=0,"",COUNTIFS(Param_Respondentes!$C$4:$C$43,B22,Param_Respondentes!$D$4:$D$43,A22,Param_Respondentes!$G$4:$G$43,">=-1",Param_Respondentes!$G$4:$G$43,"<=1")/C22) -> 1 | F22: =IF(C22=0,"",COUNTIFS(Param_Respondentes!$C$4:$C$43,B22,Param_Respondentes!$D$4:$D$43,A22,Param_Respondentes!$I$4:$I$43,"Mais frio")/C22) -> 0 | G22: =IF(C22=0,"",COUNTIFS(Param_Respondentes!$C$4:$C$43,B22,Param_Respondentes!$D$4:$D$43,A22,Param_Respondentes!$I$4:$I$43,"Mais quente")/C22) -> 0 | H22: =IF(C22=0,"",ROUND(AVERAGEIFS(Param_Respondentes!$H$4:$H$43,Param_Respondentes!$C$4:$C$43,B22,Param_Respondentes!$D$4:$D$43,A22),2)) -> 2
A23: Geral | B23: Todas | C23: =COUNTA(Param_Respondentes!$A$4:$A$43) -> 40 | D23: =ROUND(AVERAGE(Param_Respondentes!$G$4:$G$43),2) -> -0.98 | E23: =COUNTIFS(Param_Respondentes!$G$4:$G$43,">=-1",Param_Respondentes!$G$4:$G$43,"<=1")/C23 -> 0.75 | F23: =COUNTIFS(Param_Respondentes!$I$4:$I$43,"Mais frio")/C23 -> 0.4 | G23: =COUNTIFS(Param_Respondentes!$I$4:$I$43,"Mais quente")/C23 -> 0.125 | H23: =ROUND(AVERAGE(Param_Respondentes!$H$4:$H$43),2) -> 0.7

Sheet Param_Respondentes
A1: Parâmetros por respondente (anonimizado) — já convertidos para as grandezas da ASHRAE 55; não contém respostas brutas
A3: ID | B3: Dia | C3: Faixa | D3: Zona | E3: met | F3: Iclo (clo) | G3: TSV (-3 a +3) | H3: Satisfação (-3 a +3) | I3: Preferência térmica
A4: P01 | B4: 28/09 | C4: Tarde 1 (13:30) | D4: R6 | E4: 1 | F4: 0.69 | G4: -1 | H4: 2 | I4: Sem mudança
A5: P02 | B5: 28/09 | C5: Tarde 1 (13:30) | D5: R6 | E5: 1.1 | F5: 0.47 | G5: -1 | H5: 0 | I5: Sem mudança
A6: P03 | B6: 28/09 | C6: Tarde 1 (13:30) | D6: R5 | E6: 1.1 | F6: 0.29 | G6: 1 | H6: -1 | I6: Mais frio
A7: P04 | B7: 28/09 | C7: Tarde 1 (13:30) | D7: R6 | E7: 1 | F7: 0.4 | G7: 0 | H7: -2 | I7: Mais frio
A8: P05 | B8: 28/09 | C8: Tarde 1 (13:30) | D8: R5 | E8: 1 | F8: 0.44 | G8: -1 | H8: 2 | I8: Sem mudança
A9: P06 | B9: 28/09 | C9: Tarde 1 (13:30) | D9: R5 | E9: 1 | F9: 0.29 | G9: -1 | H9: 2 | I9: Sem mudança
A10: P07 | B10: 28/09 | C10: Tarde 2 (15:30) | D10: R2 | E10: 1.1 | F10: 0.49 | G10: 0 | H10: -1 | I10: Mais frio
A11: P08 | B11: 28/09 | C11: Tarde 2 (15:30) | D11: R6 | E11: 1 | F11: 0.49 | G11: -1 | H11: 2 | I11: Sem mudança
A12: P09 | B12: 29/09 | C12: Manhã (10h) | D12: R2 | E12: 1.1 | F12: 0.29 | G12: 0 | H12: -1 | I12: Mais frio
A13: P10 | B13: 29/09 | C13: Manhã (10h) | D13: R5 | E13: 1.1 | F13: 0.31 | G13: 0 | H13: 1 | I13: Mais frio
A14: P11 | B14: 29/09 | C14: Manhã (10h) | D14: R5 | E14: 1 | F14: 0.49 | G14: -1 | H14: 2 | I14: Sem mudança
A15: P12 | B15: 29/09 | C15: Manhã (10h) | D15: R5 | E15: 1 | F15: 0.47 | G15: -1 | H15: 2 | I15: Mais frio
... A43: P40 | B43: 01/10 | C43: Tarde 2 (15:30) | D43: R5 | E43: 1 | F43: 0.29 | G43: -3 | H43: -2 | I43: Mais quente

Sheet Tabelas_ASHRAE
A1: Tabelas de conversão adotadas
A3: Resposta do questionário | B3: Valor | C3: Item da ASHRAE 55 usado | D3: Observação
A4: MET (Tab. 5-1)
A5: Sentado, estudando ou lendo | B5: 1 | C5: Reading, seated | D5: Tabelado
A6: Sentado, assistindo aula | B6: 1 | C6: Seated, quiet | D6: Tabelado
A7: Sentado, conversando | B7: 1 | C7: Seated, quiet | D7: ASSUMIDO: conversa não tem linha própria
A8: Sentado, utilizando computador | B8: 1.1 | C8: Typing | D8: Tabelado
A9: Sentado, escrevendo ou fazendo anotações | B9: 1 | C9: Writing | D9: Tabelado
A10: Sentado, conversando e usando o computador | B10: 1.1 | C10: Typing | D10: ASSUMIDO: atividade predominante = computador
A11: Em pé, realizando atividade leve | B11: 1.4 | C11: Filing, standing | D11: ASSUMIDO por analogia (n=1)
A12: CLO – parte superior (Tab. 5-2)
A13: Regata | B13: 0.12 | C13: Sleeveless/scoop-neck blouse | D13: Tabelado
A14: Camiseta / camisa manga curta | B14: 0.17 | C14: Short-sleeve knit sport shirt | D14: Tabelado
A15: Camisa "longa" de manga curta | B15: 0.19 | C15: Short-sleeve dress shirt | D15: AMBÍGUO: se for manga longa, usar 0,25
A16: Camisa polo | B16: 0.17 | C16: Short-sleeve knit sport shirt | D16: Tabelado
A17: Camisa oversize | B17: 0.17 | C17: Short-sleeve knit sport shirt | D17: ASSUMIDO: oversize tratada como camiseta
A18: Camisa de manga longa | B18: 0.25 | C18: Long-sleeve dress shirt | D18: Tabelado
A19: Casaco ou moletom (como peça principal) | B19: 0.34 | C19: Long-sleeve sweatshirt | D19: Tabelado
A20: CLO – parte inferior
A21: Calça jeans / tecido pesado | B21: 0.24 | C21: Straight trousers (thick) | D21: Tabelado (pesado limitado ao teto da tabela)
A22: Calça tecido médio | B22: 0.2 | C22: Média entre thin (0,15) e thick (0,24) | D22: ASSUMIDO: interpolação
A23: Calça leve | B23: 0.15 | C23: Straight trousers (thin) | D23: Tabelado
A24: Short | B24: 0.06 | C24: Short shorts | D24: ASSUMIDO
A25: Bermuda | B25: 0.08 | C25: Walking shorts | D25: Tabelado
A26: CLO – camada adicional
A27: Jaqueta | B27: 0.36 | C27: Single-breasted jacket (thin) | D27: Tabelado
A28: Casaco ou moletom | B28: 0.34 | C28: Long-sleeve sweatshirt | D28: Tabelado
A29: CLO – meias e calçados
A30: Meias curtas | B30: 0.02 | C30: Ankle-length athletic socks | D30: Tabelado
A31: Meias longas | B31: 0.03 | C31: Calf-length socks | D31: ASSUMIDO: "longas" tratada como cano médio (joelho = 0,06)
A32: Sandália / chinelo | B32: 0.02 | C32: Sandals/thongs | D32: Tabelado
A33: Bota | B33: 0.1 | C33: Boots | D33: Tabelado
A34: Tênis / sapato fechado | B34: 0.02 | C34: — | D34: ASSUMIDO: não tabelado; adotado igual ao calçado aberto
A35: Roupa íntima (não perguntada) | B35: 0.04 | C35: Men's briefs | D35: ASSUMIDO: constante para todos

Sheet Premissas_e_Lacunas
A1: Premissas, limitações e pendências
A3: 1. Faixas horárias: definidas pelo horário real de envio no Forms (Manhã <12h; Tarde 1 até 15:29; Tarde 2 a partir de 15:30). As respostas saíram entre ~10:32 e 16:55, mais tarde que os 13:30/15:30 nominais. Em 01/10 todas as respostas ficaram na Tarde 2.
A4: 2. Ocupação: o questionário NÃO mede quantas pessoas há na sala. A coluna "Ocupantes (contagem real)" precisa ser preenchida com contagem presencial/lista de presença.
A5: 3. Cobertura espacial: só há respostas em R1 (n=6), R2 (n=6), R5 (n=21) e R6 (n=7). R3 e R4 continuam sem dados; seus met/clo (e os de células vazias) são a média da faixa, sinalizado na coluna "Origem do valor".
A6: 4. Amostra pequena (40 respostas, 4 dias; 12 delas em 01/10, todas na faixa Tarde 2): células com n<3 são indicativas. Médias por zona/faixa não têm poder estatístico.
A7: 5. Clo: soma das peças (ASHRAE 55) + 0,04 de roupa íntima. Cadeira (≈0,0–0,1 clo) não incluída. Para o único respondente com met 1,4, a ASHRAE 55 (Adendo f) pede clo_PMV = Iclo×(0,6+0,4/met) para met > 1,2.
A8: 6. met: média da última hora segundo a ASHRAE 55; o questionário pergunta os últimos 30 min. Dois respondentes relataram atividade física leve antes de entrar, mas já estavam na sala há mais de 1 h; mantidos.
A9: 7. TSV: "Muito frio"=-3, "Frio"=-2, "Levemente frio"=-1, "Neutro"=0, "Levemente quente"=+1. Satisfação mapeada de -3 (muito insatisfeito) a +3 (muito satisfeito).
A10: 8. Inconsistência a verificar: 7 dos 30 respondentes que sentem frio (TSV<0) escolheram preferir a sala "mais fria". Pode ser erro de leitura da escala ou desejo de ar mais "gelado" por expectativa; vale checar antes de usar a preferência na validação.
A11: 9. ePMV: ainda não calculado; depende de ta, tr, vel e rh por zona/horário, a serem fornecidos pela simulação (Grupo 2) e da formulação exata (expectativa + gap metabólico) definida pelo professor.
